url,priority
https://pokeca-box-hikaku.com/kaitori-tips.html,1
https://pokeca-box-hikaku.com/mega-pack-compare.html,1
https://pokeca-box-hikaku.com/lizardon-box-guide.html,1
https://pokeca-box-hikaku.com/inferno-x-spotlight.html,1
https://pokeca-box-hikaku.com/kokuen-spotlight.html,1
https://pokeca-box-hikaku.com/kokuen-vs-rocket.html,1
https://pokeca-box-hikaku.com/lizardon-sar-kokuen-guide.html,1
https://pokeca-box-hikaku.com/mega-lizardon-x-guide.html,1
https://pokeca-box-hikaku.com/erika-sar-guide.html,1
https://pokeca-box-hikaku.com/clay-burst-spotlight.html,1
https://pokeca-box-hikaku.com/ninja-spinner-spotlight.html,1
https://pokeca-box-hikaku.com/rocket-dan-no-eiko-spotlight.html,1
https://pokeca-box-hikaku.com/shiny-treasure-ex-atari-guide.html,1
https://pokeca-box-hikaku.com/terastal-fes-ex-atari-guide.html,1
https://pokeca-box-hikaku.com/white-flare-atari-guide.html,1
https://pokeca-box-hikaku.com/abyss-eye-forecast.html,1
https://pokeca-box-hikaku.com/price-pattern-guide.html,1
https://pokeca-box-hikaku.com/mercari-hikaku.html,1
https://pokeca-box-hikaku.com/psa-guide.html,1
https://pokeca-box-hikaku.com/shrink-nashi.html,1
https://pokeca-box-hikaku.com/single-card-tips.html,1
https://pokeca-box-hikaku.com/shop-hikaku.html,1
https://pokeca-box-hikaku.com/box-toushi.html,1
https://pokeca-box-hikaku.com/souba-mynumber-2026.html,1
https://pokeca-box-hikaku.com/box/storm-emeralda.html,1
https://pokeca-box-hikaku.com/box/white-flare.html,2
https://pokeca-box-hikaku.com/box/stellar-miracle.html,2
https://pokeca-box-hikaku.com/box/battle-partners.html,2
https://pokeca-box-hikaku.com/box/cyber-judge.html,2
https://pokeca-box-hikaku.com/box/triplet-beat.html,2
https://pokeca-box-hikaku.com/box/violet-ex.html,2
https://pokeca-box-hikaku.com/box/snow-hazard.html,2
https://pokeca-box-hikaku.com/box/lost-abyss.html,2
https://pokeca-box-hikaku.com/box/legendary-heartbeat.html,2
https://pokeca-box-hikaku.com/box/neppuu-arena.html,2
https://pokeca-box-hikaku.com/box/pokemon-go.html,2
https://pokeca-box-hikaku.com/box/rapid-strike-master.html,2
https://pokeca-box-hikaku.com/onepiece/kougaku-ranking.html,2
https://pokeca-box-hikaku.com/onepiece/toushi.html,2
https://pokeca-box-hikaku.com/shop/morimori.html,3
https://pokeca-box-hikaku.com/shop/homura.html,3
https://pokeca-box-hikaku.com/shop/icchome.html,3
https://pokeca-box-hikaku.com/shop/runto.html,3
https://pokeca-box-hikaku.com/shop/kaikyo.html,3
https://pokeca-box-hikaku.com/shop/oku.html,3
https://pokeca-box-hikaku.com/shop/rudeya.html,3
https://pokeca-box-hikaku.com/shop/collect_tendo.html,3
https://pokeca-box-hikaku.com/shop/shinsoku.html,3
https://pokeca-box-hikaku.com/monthly-ranking-2026-07.html,3
https://pokeca-box-hikaku.com/monthly-ranking-2026-06.html,3
https://pokeca-box-hikaku.com/monthly-ranking-2026-05.html,3
https://pokeca-box-hikaku.com/monthly-ranking-2026-04.html,3
https://pokeca-box-hikaku.com/zeppan-ranking-2026-03.html,3
https://pokeca-box-hikaku.com/onepiece/op-17-atari-guide.html,1
https://pokeca-box-hikaku.com/onepiece/box/op-17.html,1
https://pokeca-box-hikaku.com/kokuen-atari-guide.html,1
https://pokeca-box-hikaku.com/abyss-eye-atari-guide.html,1
https://pokeca-box-hikaku.com/mega-ex-atari-guide.html,1
https://pokeca-box-hikaku.com/inferno-x-atari-guide.html,1
https://pokeca-box-hikaku.com/mega-brave-atari-guide.html,1
https://pokeca-box-hikaku.com/chouden-breaker-atari-guide.html,1
https://pokeca-box-hikaku.com/munikis-zero-atari-guide.html,1
https://pokeca-box-hikaku.com/mega-sinfonia-atari-guide.html,1
https://pokeca-box-hikaku.com/black-bolt-atari-guide.html,1
https://pokeca-box-hikaku.com/rocket-dan-no-eiko-atari-guide.html,1
https://pokeca-box-hikaku.com/151-atari-guide.html,1
https://pokeca-box-hikaku.com/storm-emeralda-forecast.html,1
https://pokeca-box-hikaku.com/ancient-roar-atari-guide.html,1
https://pokeca-box-hikaku.com/hengen-no-kamen-atari-guide.html,1
https://pokeca-box-hikaku.com/night-wanderer-atari-guide.html,1
https://pokeca-box-hikaku.com/rakuen-dragona-atari-guide.html,1
https://pokeca-box-hikaku.com/stellar-miracle-atari-guide.html,1
https://pokeca-box-hikaku.com/skyscraping-perfect-atari-guide.html,1
https://pokeca-box-hikaku.com/pokemon-go-atari-guide.html,1
https://pokeca-box-hikaku.com/opened-card-selling.html,2
https://pokeca-box-hikaku.com/30th-celebration-atari-yosou.html,2
https://pokeca-box-hikaku.com/time-gazer-atari-guide.html,1
https://pokeca-box-hikaku.com/onepiece/op-11-atari-guide,1
https://pokeca-box-hikaku.com/chouden-breaker-spotlight.html,1
https://pokeca-box-hikaku.com/mega-ex-spotlight.html,1
https://pokeca-box-hikaku.com/restock-guide.html,1
https://pokeca-box-hikaku.com/box/time-gazer.html,2
https://pokeca-box-hikaku.com/box/vstar-universe.html,2
https://pokeca-box-hikaku.com/box/eevee-heroes,2
https://pokeca-box-hikaku.com/monthly-ranking-2026-03,2
https://pokeca-box-hikaku.com/onepiece/shikou-treasure-get.html,1
https://pokeca-box-hikaku.com/dragonball,1
https://pokeca-box-hikaku.com/abyss-eye-rebound.html,1
https://pokeca-box-hikaku.com/mega-ex-rebound.html,1
https://pokeca-box-hikaku.com/storm-emeralda-review.html,1
https://pokeca-box-hikaku.com/storm-emeralda-spotlight.html,1
https://pokeca-box-hikaku.com/triplet-beat-atari-guide.html,1
https://pokeca-box-hikaku.com/neppuu-arena-atari-guide.html,1
https://pokeca-box-hikaku.com/30th-celebration-forecast.html,1
https://pokeca-box-hikaku.com/151-spotlight.html,2
https://pokeca-box-hikaku.com/pigeot-sar-guide.html,2
https://pokeca-box-hikaku.com/masterball-mirror-guide.html,2
https://pokeca-box-hikaku.com/release-schedule-2026.html,2
https://pokeca-box-hikaku.com/mega-brave-spotlight.html,2
https://pokeca-box-hikaku.com/abyss-eye-review.html,2
https://pokeca-box-hikaku.com/battle-collection-spotlight.html,2
https://pokeca-box-hikaku.com/clay-burst-atari-guide.html,2
https://pokeca-box-hikaku.com/ninja-spinner-atari-guide.html,3
https://pokeca-box-hikaku.com/eevee-heroes-atari-guide.html,3
https://pokeca-box-hikaku.com/crimson-haze-atari-guide.html,3
https://pokeca-box-hikaku.com/raging-surf-atari-guide.html,3
https://pokeca-box-hikaku.com/scarlet-ex-atari-guide.html,3
https://pokeca-box-hikaku.com/onepiece/kaigun-taisho-guide.html,1
https://pokeca-box-hikaku.com/onepiece/anniversary-sp-guide.html,1
https://pokeca-box-hikaku.com/onepiece/restock-guide.html,1
https://pokeca-box-hikaku.com/onepiece/eb02-luffy-comipara.html,1
https://pokeca-box-hikaku.com/onepiece/comipara-ranking.html,1
https://pokeca-box-hikaku.com/onepiece/nika-luffy-comipara.html,1
https://pokeca-box-hikaku.com/onepiece/red-comipara-guide.html,1
https://pokeca-box-hikaku.com/onepiece/roger-gold-comipara.html,1
https://pokeca-box-hikaku.com/onepiece/box-price-pattern.html,1
https://pokeca-box-hikaku.com/box-price-trend.html,1
https://pokeca-box-hikaku.com/box-age-multiple.html,1
https://pokeca-box-hikaku.com/shop-price-gap.html,1
https://pokeca-box-hikaku.com/dragonball/hatsubai-schedule.html,1
https://pokeca-box-hikaku.com/onepiece/hatsubai-schedule.html,1
https://pokeca-box-hikaku.com/dragonball/fb-07-atari-guide.html,1
https://pokeca-box-hikaku.com/dragonball/sb-01-atari-guide.html,1
https://pokeca-box-hikaku.com/dragonball/sb-02-atari-guide.html,1
https://pokeca-box-hikaku.com/dragonball/fb-10-atari-guide.html,1
https://pokeca-box-hikaku.com/dragonball/fb-09-atari-guide.html,1
https://pokeca-box-hikaku.com/dragonball/fb-08-atari-guide.html,1
https://pokeca-box-hikaku.com/dragonball/fb-06-atari-guide.html,1
https://pokeca-box-hikaku.com/dragonball/fb-05-atari-guide.html,1
https://pokeca-box-hikaku.com/dragonball/fb-04-atari-guide.html,1
https://pokeca-box-hikaku.com/dragonball/fb-03-atari-guide.html,1
https://pokeca-box-hikaku.com/dragonball/st-01-atari-guide.html,1
https://pokeca-box-hikaku.com/dragonball/fb-02-atari-guide.html,2
https://pokeca-box-hikaku.com/dragonball/fb-01-atari-guide.html,2
